nombre,apellido_paterno,apellido_materno,email,fecha_nacimiento
Kristen Holden,Delilah Waters,Amity Bray,iaculis.enim@protonmail.couk,2024-03-23
Inez Clemons,Sarah Adams,Abel Crane,amet.dapibus@outlook.org,2023-03-27
Rachel Palmer,Joan Chandler,Aquila Wyatt,dui.suspendisse@protonmail.couk,2023-11-27
Martha Callahan,Whilemina Michael,Bradley Carr,scelerisque.neque@hotmail.edu,2023-03-07
Savannah Zimmerman,Doris Bryant,Garth Harper,tincidunt.aliquam@outlook.com,2022-06-08
Emerald Douglas,Keane Hood,Bryar Brooks,lacinia.mattis@outlook.couk,2023-10-17
Ann Sandoval,Stella Erickson,Henry Johnson,donec.dignissim@hotmail.ca,2024-01-03
Xandra Kelly,Miriam Browning,Leo Beck,dictum@icloud.com,2023-05-07
Jasmine Todd,Dorian Cole,John Shaffer,dui.cras.pellentesque@hotmail.ca,2023-10-07
Amir Drake,Ashely Bryant,Jordan Mcneil,nulla@yahoo.edu,2023-12-13
Brock Chavez,Jared Frye,Geoffrey Mullins,dictum.ultricies@icloud.edu,2022-11-02
Maxwell Dillon,Rooney Gray,Carol Cardenas,eu.nulla@yahoo.couk,2022-07-07
Illiana Battle,Jesse Slater,Whilemina Dudley,malesuada.fringilla.est@icloud.ca,2024-01-26
Noble Langley,Ann Mueller,Scarlet Steele,ipsum.phasellus@hotmail.net,2023-08-03
Quail Juarez,Dahlia Dodson,Shoshana Giles,facilisis.lorem@google.ca,2022-11-18
Lev Rios,Gay Chase,Naida Hensley,commodo.at.libero@outlook.net,2024-04-05
Dean Baxter,Burke Rodriguez,Shelley Ramsey,cursus.vestibulum.mauris@outlook.net,2023-02-05
William Stokes,Devin Mckee,Dylan Curtis,volutpat.ornare@aol.edu,2022-10-07
Rebekah Callahan,Lenore Vega,Hedy Fletcher,nulla.tincidunt@icloud.edu,2022-07-10
Hu Dodson,Jillian Merrill,Brenna Rosario,habitant.morbi@google.net,2023-04-16
Serina Middleton,Vivian Wright,Virginia Young,faucibus.morbi@outlook.ca,2023-11-27
Kennan Weiss,Lance Malone,Lenore Stafford,tristique.senectus.et@google.com,2023-11-05
Noel Hammond,Samuel Summers,Philip Frye,est.vitae.sodales@google.org,2023-11-29
Colt Berger,Hiram Buckley,Castor Bridges,ipsum.non.arcu@hotmail.couk,2022-09-23
Dominic Sanders,Malcolm Velez,Natalie Le,sodales.elit@outlook.org,2023-05-12
Julian Mcfarland,Danielle Finley,Wang Tyson,eget.odio.aliquam@hotmail.edu,2022-08-25
Lara Mcgee,Judah Whitfield,Odysseus Cote,varius.orci@icloud.edu,2023-07-08
Yoshi Jackson,Leigh Cash,Demetrius Bishop,donec.nibh@outlook.couk,2023-01-17
Natalie Valenzuela,Chancellor Miller,Troy Joyner,orci.lacus.vestibulum@google.net,2024-02-05
Olivia Harvey,Laurel Buchanan,Nadine Gordon,pellentesque@icloud.net,2024-01-19
Slade Sharp,Mark Hart,Nissim Schroeder,gravida.molestie@icloud.couk,2022-09-16
Benedict Thompson,Cynthia Grimes,Rosalyn Sexton,habitant.morbi@aol.ca,2022-08-20
Mariam Duffy,Walker Suarez,Cheyenne Bryan,mi@google.edu,2024-03-01
Colt Lester,Melinda Castillo,Emerald Rosa,rutrum.fusce@aol.couk,2022-10-18
Rajah Harvey,Harding Fry,Philip Justice,donec@protonmail.net,2024-01-15
Athena Fulton,Nadine Rodriquez,Zia Mcpherson,nibh@yahoo.net,2022-11-22
Jaden Harrington,Brandon Lindsay,India Ward,lorem.ac@yahoo.couk,2022-08-16
Eagan Middleton,Oscar Jenkins,Rhiannon Fry,in.aliquet@hotmail.com,2023-03-22
Chelsea Rice,Cameron Nash,Elijah Harding,libero.mauris@hotmail.org,2023-07-22
Neville Pace,Scott Paul,Daquan Bond,nunc.mauris@hotmail.couk,2023-11-02
Lara Floyd,McKenzie Mosley,Elijah Bennett,in@hotmail.ca,2022-09-11
Blythe Dudley,Cameron Hoffman,Alfonso Gutierrez,libero@protonmail.com,2023-06-24
Cruz Stout,Athena Schroeder,Martina Willis,inceptos.hymenaeos.mauris@icloud.org,2022-07-05
Raymond Sargent,Allegra Stevens,Herman Grant,risus@outlook.com,2023-12-14
Prescott Hinton,Katell Arnold,Rana Estrada,dictum.placerat.augue@yahoo.net,2022-07-11
Charles Emerson,Castor Atkins,Sylvia Wilder,sed.sem.egestas@icloud.ca,2022-11-05
Howard Salas,Cynthia Eaton,Reece Hutchinson,nam.porttitor.scelerisque@protonmail.org,2022-07-08
Holmes Harding,Mariam Marquez,Alexa Reilly,risus.donec.egestas@google.couk,2022-06-18
Phyllis Fulton,Arden Keller,Emerson Mitchell,ligula.donec.luctus@icloud.net,2022-11-19
Octavius Roth,Jerome Lee,Coby Cummings,velit@google.ca,2024-04-01
Ferdinand Stokes,Maia Carey,Carl Mathews,cursus.et.eros@hotmail.org,2023-07-09
Justina Merrill,Lucius Austin,Juliet Solis,nec.malesuada.ut@icloud.ca,2022-07-25
Illana Webster,Eagan Talley,Clark Bennett,suspendisse.commodo@protonmail.ca,2024-04-18
Marcia Fields,Quail Shannon,Dean Meadows,viverra@aol.ca,2023-10-14
Abigail Pittman,Cullen Knox,Imani Kirkland,nec.enim@protonmail.ca,2022-09-17
Ebony Mcgowan,Pearl Zamora,Ramona Finch,convallis@google.couk,2022-07-02
Graham Sharpe,Iona Singleton,Josiah Melton,diam@aol.org,2023-02-01
Cally Alston,Renee Bean,Damian Randall,vulputate.ullamcorper@icloud.com,2023-02-25
Leonard Sandoval,Donovan Conley,Katell Stone,quis.arcu@google.edu,2023-04-01
Lareina Reynolds,Flavia Williamson,Abdul Booth,tortor@hotmail.org,2023-11-13
Hakeem Williams,Ori Raymond,Bethany Frazier,fusce@hotmail.couk,2023-02-17
Amity Gibbs,Yeo Bridges,Wynter Ward,magna.phasellus@hotmail.org,2022-09-14
Axel Brennan,Cora Rojas,Emily Frazier,ante.ipsum@google.couk,2022-05-14
Diana Leach,Rafael Cunningham,Cooper Osborne,et.risus@protonmail.org,2023-03-04
Molly Horne,Emily Deleon,Aquila Juarez,nec.urna.suscipit@hotmail.com,2023-08-31
Dana Camacho,Evelyn Castillo,Ryder Roberts,augue.sed@aol.com,2023-10-08
Ezra Hines,Shafira Stone,Ann Carson,rhoncus.proin@google.net,2023-07-01
Barclay Sears,Malik Peck,Tana Bauer,molestie.tortor@protonmail.net,2022-10-07
Yvonne Rosa,Samantha Henry,Lesley Snider,eu@google.com,2022-09-23
Preston Little,Jonah Frye,Lara Gilmore,sit.amet.consectetuer@protonmail.com,2024-02-29
Quinlan Yang,Elton Mullen,Daphne Burke,sem.vitae@hotmail.net,2023-12-10
Galena Kirby,Kirsten Stark,Yuri Copeland,risus@aol.org,2024-04-13
Samuel Hopkins,Blake Jackson,Mara Hardin,eget@hotmail.edu,2023-05-28
Levi Bennett,Julian Wiggins,Blossom Walsh,quisque@hotmail.couk,2023-12-12
Yuli Moss,Kelsey Ortiz,Hedda Shannon,cursus.in.hendrerit@google.com,2024-02-06
Alisa Rich,Yuri Gregory,Faith Weber,sem@google.edu,2023-10-07
Kylynn Petersen,Lana Holman,Otto Pope,et@google.org,2022-08-01
Lillith Foreman,Gannon French,Alexa O'donnell,dolor.elit@outlook.net,2022-07-24
Shellie Carr,Declan Valdez,Gillian Berger,mauris@hotmail.ca,2023-04-04
Demetria Mckenzie,Jin Mcbride,Kirk Richardson,ornare.lectus@yahoo.org,2022-11-18
Harding Morales,Caleb Harris,Gwendolyn Hale,ultrices.posuere.cubilia@icloud.couk,2024-01-13
Tallulah Delgado,Price Hardy,Chaney Shields,eu.arcu@hotmail.net,2022-09-26
Martina Hardy,Maxwell Bolton,Sage Porter,diam.pellentesque.habitant@icloud.org,2024-03-22
Ethan Mckenzie,Jakeem Manning,Hanae Stanton,eget.ipsum@hotmail.edu,2023-06-23
Penelope Bright,Sade Bradshaw,Rama Haney,lectus.a.sollicitudin@aol.couk,2023-08-07
Xena Cummings,Micah French,Gregory Blanchard,inceptos.hymenaeos@icloud.net,2023-12-29
Wylie Haney,Julie Kim,Chandler Goff,non.arcu@icloud.ca,2023-10-18
Ava Dale,Fallon Cantrell,Wang Rush,arcu.morbi@hotmail.com,2024-01-12
Alexa Benjamin,Timothy Schneider,Giselle Owens,proin@google.net,2024-02-06
Guy Hamilton,Teagan Cervantes,Iola Vaughan,est.nunc@aol.edu,2023-10-30
Susan Graham,Jelani King,Sara Alford,non.enim@protonmail.net,2024-02-15
Dustin Buckley,Leslie Little,Branden Sherman,sed.congue@aol.ca,2022-07-05
Xaviera Santos,Thane Park,Jared Bell,mauris@protonmail.org,2023-06-16
Lois Cohen,Malcolm Hoover,Felix Harvey,id@icloud.com,2024-04-15
Mufutau Elliott,Mannix Aguilar,Bernard Huffman,luctus.aliquet@protonmail.net,2023-08-29
Zephania Hoffman,Graham Pate,Giacomo Barnes,et@icloud.ca,2022-12-29
Shad Pierce,Elijah Fowler,Jesse Fitzpatrick,lacus.mauris@protonmail.org,2022-07-14
Jenna Patton,Cailin Burgess,Beck Stein,velit@outlook.net,2023-09-06
Baker Conway,Justina Cain,Desirae Sellers,nullam.suscipit@google.ca,2023-11-14
Eleanor Zimmerman,Allistair Lowe,Vance Rosales,cursus@yahoo.org,2022-12-17
